,Age dependency ratio (% of working-age population),"Agriculture, forestry, and fishing, value added (% of GDP)","Agriculture, forestry, and fishing, value added (current US$)",Arms imports (SIPRI trend indicator values),Broad money (% of GDP),Broad money to total reserves ratio,Changes in inventories (current US$),"Claims on central government, etc. (% GDP)",Consumer price index (2010 = 100),Domestic credit to private sector (% of GDP),Domestic credit to private sector by banks (% of GDP),Exports of goods and services (% of GDP),Exports of goods and services (current US$),External balance on goods and services (% of GDP),External balance on goods and services (current US$),Final consumption expenditure (% of GDP),Final consumption expenditure (current US$),Fixed telephone subscriptions,Fixed telephone subscriptions (per 100 people),GDP (current US$),GDP deflator (base year varies by country),GDP per capita (current US$),General government final consumption expenditure (% of GDP),General government final consumption expenditure (current US$),GNI (current US$),Gross capital formation (% of GDP),Gross capital formation (current US$),Gross domestic savings (% of GDP),Gross domestic savings (current US$),Gross fixed capital formation (% of GDP),Gross fixed capital formation (current US$),Gross national expenditure (% of GDP),Gross national expenditure (current US$),Gross national expenditure deflator (base year varies by country),Gross value added at basic prices (GVA) (current US$),Households and NPISHs final consumption expenditure (% of GDP),Households and NPISHs Final consumption expenditure (current US$),Imports of goods and services (% of GDP),Imports of goods and services (current US$),"Industry (including construction), value added (% of GDP)","Industry (including construction), value added (current US$)","Inflation, consumer prices (annual %)","Manufacturing, value added (% of GDP)","Manufacturing, value added (current US$)",Merchandise exports (current US$),Merchandise imports (current US$),Merchandise trade (% of GDP),Military expenditure (% of GDP),Military expenditure (current USD),Monetary Sector credit to private sector (% GDP),Net primary income (Net income from abroad) (current US$),"Population ages 0-14, total",Population ages 15-64 (% of total population),"Population, female","Population, female (% of total population)","Population, male","Population, male (% of total population)","Population, total",Rural population,Rural population (% of total population),"Services, value added (% of GDP)",Taxes less subsidies on products (current US$),"Total reserves (includes gold, current US$)",Total reserves minus gold (current US$),Trade (% of GDP),Urban population,Urban population (% of total population)
1960 [YR1960],76.9990446166511,41.3128390639122,15298096331.0212,544000000.0,22.0719249368892,12.1167743877611,457155875.215876,15.0000620395868,2.52748668877309,7.84313262788227,7.84313262788227,4.4631564556351,1652701652.70165,-2.37052020134113,-877800877.800878,93.9574148135212,34792321597.8286,332399.0,0.073776654,37029883875.4573,2.3924310174908,82.1886027387829,6.57349198912493,2434156450.13545,36878683724.2571,15.6904659533278,5810161322.03543,6.04258518647878,2237562277.62868,14.4559066531867,5353005446.81955,109.647880766849,40602482919.864,2.562205550268,34994675141.8283,87.383922824402,32358165147.6953,6.83367665697623,2530502530.50253,20.8343434548784,7714933187.55539,1.77987784677381,14.7501180854536,5461951598.5363,1332000000.0,2303000000.0,9.81639589318078,2.00401234567901,681765681.765682,7.84313262788227,-151200151.200151,182270641.0,56.4974800369574,218042936.0,48.3950862691723,232504739.0,51.6049137308277,450547675.0,369791510.0,82.076,38.7824617553695,2035208733.62907,674536630.92578,423000000.0,11.2968331126113,80756165.0,17.924
1961 [YR1961],78.0071064405409,40.3874016121362,15844961402.3457,1122000000.0,21.5018727925336,12.6594411626574,-380935670.561398,14.725330359039,2.57033297015633,8.51617615457329,8.51617615457329,4.30358618999178,1688401688.40169,-1.65399021481027,-648900648.900649,93.1396905155186,36540969271.0053,332399.0,0.0737767,39232435784.0946,2.443758894039,85.354300989206,6.89466573131748,2704945305.56711,39026635578.2944,14.7849859961232,5800510136.61641,6.86030948448139,2691466513.08931,15.7559572421039,6181445807.17781,107.924676511642,42341479407.6217,2.62978848120326,36928627622.7871,86.2450247842011,33836023965.4382,5.95757640480206,2337302337.30234,21.4348439739451,8409411397.4989,1.69521293914439,15.3538364831491,6023684038.64634,1386000000.0,2286000000.0,9.35960239687357,2.07435972060536,748388248.388248,8.51617615457329,-205800205.800206,187176691.0,56.1775323636812,222328744.0,48.3699626461163,237313422.0,51.6300373538837,459642166.0,376759491.0,81.968,38.3258751961145,2303808161.30746,666357094.860707,418000000.0,10.2611625947938,82882675.0,18.032
1962 [YR1962],79.1875305726612,38.3713352032108,16177923530.6432,371000000.0,21.9307027141433,18.0313110561575,196594690.568118,15.1866256133143,2.66369298910469,8.98048080708615,8.98048080708615,4.16897528315647,1757701757.70176,-1.86283961278437,-785400785.400785,92.3004316277917,38915229736.2544,332399.0,0.0737767,42161481858.7014,2.5514215447052,89.8817564947458,7.77958198925193,3279987049.08125,41934681631.9011,16.4326786874169,6928260843.69397,7.69956837220835,3246252122.44693,15.9663888847317,6731666153.12585,108.733110315209,45843490579.9484,2.73121108602965,39486583751.222,84.5208496385397,35635242687.1732,6.03181489594084,2543102543.10254,22.0526001362401,9297703005.81281,3.63221497106985,15.8632981306508,6688201563.54606,1403000000.0,2362000000.0,8.92995178067484,2.74540043290043,1065436065.43607,8.98048080708615,-226800226.800227,192519783.0,55.8074546323602,226780736.0,48.346144376907,242296455.0,51.653855623093,469077191.0,383620708.0,81.782,39.9358449714871,2674898107.47939,512791844.004694,265000000.0,10.2007901790973,85456483.0,18.218
1963 [YR1963],80.3047250510323,39.3197513062973,19039379881.7027,647000000.0,21.1162826557738,16.8210906559067,-307615375.942609,14.6413165425944,2.74216968261487,9.10745401050008,9.10745401050008,4.28050338493504,2072702072.70207,-1.62633107330359,-787500787.500787,90.4097152762689,43778123130.3408,332399.0,0.0737767,48421923458.7413,2.76455770428417,101.126429448401,8.70504098592505,4215148283.25668,48186723223.541,15.7091340192112,7606664850.81352,9.59028472373108,4643800328.40042,16.3444152182423,7914280226.75613,106.11884929548,51384787981.1544,2.90076357982073,45127852020.1187,81.7046742903439,39562974847.0842,5.90683445823862,2860202860.20286,21.8794758335698,10594463041.3049,2.94616135685229,15.7523883535444,7627609431.47693,1626000000.0,2477000000.0,8.47343456625806,4.02530602636535,1795449295.4493,9.10745401050008,-235200235.200235,197983195.0,55.4616636126111,231387194.0,48.3238976849864,247438408.0,51.6761023150136,478825602.0,390697750.0,81.595,38.0951802997203,3294071438.62269,607862500.361696,360000000.0,10.1873378431737,88127852.0,18.405
1964 [YR1964],80.9989516979179,41.1877383326384,23262954030.3429,920000000.0,19.8063983000643,22.4117408118783,-217154043.406115,13.4484217479506,3.10839360492657,8.53679190856911,8.53679190856911,3.7255511726421,2104202104.2021,-1.95944657483272,-1106701106.70111,90.5055651618194,51117805615.9789,332399.0,0.0737767,56480289940.8261,3.00097374868892,115.537496074678,8.04252293329503,4542440271.28247,56175789636.3258,15.9018105110553,8981388682.48481,9.49443483818063,5362484324.84723,16.2862880759432,9198542725.89093,106.407375672875,60099194298.4637,3.18322399915135,52721425818.429,82.463042228528,46575365344.6985,5.68499774747481,3210903210.90321,20.9552885443752,11835607727.7998,13.3552611508153,14.8507399617165,8387740988.73559,1705000000.0,2876000000.0,8.11079405718255,3.81923698021801,1986654486.65449,8.53679190856911,-304500304.500305,203051192.0,55.2489388140961,236130821.0,48.3035123101901,252717318.0,51.6964876898099,488848139.0,397946828.0,81.405,36.3408214586818,3758864122.39717,499145125.789702,251000000.0,9.41054892011691,90901311.0,18.595
1965 [YR1965],81.1221770746329,38.9521434757491,23197892400.7476,1049000000.0,20.8286159029793,20.6448092116437,434969287.009878,14.0937832680224,3.40290639507343,9.27009162162394,9.27009162162394,3.30747278093695,1969760604.7879,-1.90408880778886,-1133977320.45359,91.3352464408018,54394573193.3494,623394.0,0.12489779,59554854574.7942,3.25006565559877,119.318916255491,8.7876822350368,5233491375.57119,59210461462.6564,17.8504850730371,10630830426.1426,8.66475355919815,5160281381.44477,17.1201175990244,10195861139.1327,109.185731513839,65025403619.492,3.35952382470596,55202516367.983,82.5475642057615,49161081817.7761,5.21156158872582,3103737925.2415,21.6551050741671,12896666334.9391,9.47475859170699,15.0109077673701,8939724291.21378,1687000000.0,2838000000.0,7.59803719160645,3.87141491395794,2125989625.98963,9.27009162162394,-344393112.137757,207482205.0,55.2113505318778,241002419.0,48.2851442679914,258120909.0,51.7148557320086,499123328.0,405363011.0,81.215,37.450738195486,4352338206.81124,600850886.234668,319000000.0,8.51903436966277,93760317.0,18.785
1966 [YR1966],81.5181791772064,40.0254476136132,18357856479.1243,994000000.0,20.4604626185769,15.391781315369,738011777.767103,13.7669728686421,3.77048318332544,9.51540771803201,9.51540771803201,4.14255065956876,1900000000.0,-2.52913619215777,-1160000000.0,93.4276928541508,42851042995.1786,623394.0,0.124898,45865462033.91,3.68137233172349,89.9973043737176,8.50679016813736,3901678614.87143,45536890605.3386,18.3412333939372,8412291438.8471,6.57230714584922,3014419038.73143,16.7321538272222,7674279661.08,111.768926248088,51263334434.0257,3.81855330540318,42744144682.4849,84.9209026860103,38949364380.3057,6.67168685172654,3060000000.0,21.3866171714769,9809070779.12143,10.8018483489341,14.5039929681143,6652323388.19143,1954000000.0,3440000000.0,11.7604832935336,3.57237064592492,1661154906.41015,9.51540771803201,-328571428.571429,212274848.0,55.0909007783075,245993503.0,48.2688959877479,263638006.0,51.7311040122521,509631509.0,412918738.0,81.023,36.4597966556015,3121317351.42513,609694584.532287,365000000.0,10.8142375112953,96712771.0,18.977
1967 [YR1967],81.3060850843081,42.7676217441188,21441522443.2027,1265000000.0,19.105769839719,14.4308292374184,-180733002.120873,12.4995988650723,4.26299133112269,9.11672870414209,9.11672870414209,4.0344449953861,2022666666.66667,-1.91217267744404,-958666666.666667,94.530992431309,47393058419.7813,623394.0,0.124898,50134942203.4467,3.9985669079868,96.3391364638065,8.12117179118524,4071544783.75333,49790942203.4467,15.7083103036915,7875352291.89379,5.46900756869095,2741883783.66533,16.0688033932965,8056085294.01467,110.239302735001,55268410711.6751,4.25760185274443,46883252372.6851,86.4098206401238,43321513636.028,5.94661767283014,2981333333.33333,20.0894428790617,10071830576.412,13.062202477797,13.2318612543142,6633785992.29067,1613000000.0,2773000000.0,8.74838946099049,3.22392372146778,1487733333.33333,9.11672870414209,-344000000.0,216312897.0,55.1553467150659,251117415.0,48.2546380804647,269283162.0,51.7453619195353,520400577.0,420634582.0,80.829,34.6095555070474,3251689830.76155,663764119.793592,419000000.0,9.98106266821623,99765995.0,19.171
1968 [YR1968],80.6845573173082,41.6335506393159,22101360152.0907,1655000000.0,19.7618471850265,14.3638354759159,-972346571.965052,12.2745484485542,4.40100194220749,9.8206434282478,9.8206434282478,4.0387710057858,2144000000.0,-0.904202463981895,-480000000.0,90.0432772755074,47799884222.732,623394.0,0.124898,53085455870.8227,4.09514763679149,99.8759627220214,8.39819236569158,4458218702.236,52745455870.8227,14.3769240887146,7632055692.69628,9.95672272449255,5285571648.09067,16.2085869349962,8604402264.66133,104.420201364222,55431939915.4283,4.18554744516972,49441023869.452,81.6450849098159,43341665520.496,4.94297346976769,2624000000.0,20.627115664208,10949998383.3467,3.23741242627506,13.5227880138301,7178633663.58667,1761000000.0,2570000000.0,8.1585434823033,3.24556858467412,1586866666.66667,9.8206434282478,-340000000.0,219862306.0,55.345072831069,256412988.0,48.242015841868,275100846.0,51.757984158132,531513834.0,428580865.0,80.634,35.0541313627609,3644432001.37061,730352744.867941,439000000.0,8.98174447555349,102932969.0,19.366
1969 [YR1969],79.9527457826968,41.3583433053687,24173122434.1733,1518000000.0,20.3748078325589,12.835877582026,-20979665.5493944,11.5857353156696,4.37529407863572,10.4001286355748,10.4001286355748,3.71384282051234,2170666666.66667,-0.317091002488461,-185333333.333333,88.7656422723749,51881738172.032,623394.0,0.124898,58447995016.8493,4.2320633425464,107.622318423333,8.54968500114692,4997119463.42667,58086661683.516,16.0878100876786,9403002438.3666,11.2343577276251,6566256844.81733,16.1237046731873,9423982103.916,104.853452360054,61284740610.3986,4.3911726706004,54371579972.2747,80.2159572712257,46884618708.604,4.0309338230008,2356000000.0,21.4174846346842,12518090352.0147,-0.584136610466317,14.1464715834884,8268329006.17733,1835000000.0,2212000000.0,6.92410406692879,3.14081455805893,1691433333.33333,10.4001286355748,-361333333.333333,223383970.0,55.5701440816367,261932710.0,48.2305774782864,281151623.0,51.7694225217136,543084333.0,436846176.0,80.438,34.305852609892,4076415044.57465,927764119.793592,683000000.0,7.74477664351313,106238157.0,19.562
1970 [YR1970],79.2694671127816,39.92780620156,24923928060.2093,872000000.0,21.3730683996469,13.0394336635503,697248221.969091,11.3980513406577,4.59809549976314,11.2365497015033,11.2365497015033,3.78282506203901,2361333333.33333,-0.096119213885802,-60000000.0,88.631912058513,55326240285.62,981356.0,0.176760455,62422483054.5173,4.29817847638446,112.434492477745,8.94724413435599,5585091953.61467,62043816387.8507,16.6531413945703,10395304365.0704,11.368087941487,7096242768.89733,15.5361588782545,9698056143.10134,105.285053453083,65721544650.6904,4.55948729490511,57838263436.0013,79.684667924157,49741148332.0053,3.87894427592481,2421333333.33333,21.7293092920945,13563974410.7213,5.09226161997547,14.4565450929702,9024134410.928,2026000000.0,2124000000.0,6.6482456271013,3.18518303985171,1832966666.66667,11.2365497015033,-378666666.666667,227147673.0,55.7819474461807,267712747.0,48.2200408664931,287477050.0,51.7799591335069,555189797.0,445484293.0,80.24,35.0468708636193,4584219618.51607,1023173271.49678,763320000.0,7.66176933796381,109705504.0,19.76
1971 [YR1971],79.0293327848886,38.0997785048326,25660577256.7808,1870000000.0,23.3705521595869,12.634468707291,686179218.645217,12.8658750389172,4.73971402179062,12.4934379259205,12.4934379259205,3.66720521708832,2469898946.46313,-0.335196124304047,-225757901.526553,89.9534069738453,60584508355.3497,981356.0,0.17676,67350988020.9041,4.52704964831047,118.603241475547,9.67379314373021,6515395261.40077,66959943084.3313,17.6045113708662,11856812344.5308,10.0465930261547,6766479665.55446,16.5857004538946,11170633125.8856,107.557918344711,72441320699.8804,4.80793830017996,62020937617.8159,80.2796138301151,54069113093.9489,4.00240134139237,2695656847.98968,22.392007907235,15081238563.2418,3.07993868406547,14.9822867426303,10090718149.2864,2036000000.0,2424000000.0,6.62202609205336,3.65245352356247,2255256982.83756,12.4934379259205,-391044936.57278,231635540.0,55.8567684648161,273769666.0,48.2100868293128,294098355.0,51.7899131706872,567868021.0,454345525.0,80.009,35.803649082949,5330050403.08817,1245821898.02245,942439552.948743,7.66960655848069,113522496.0,19.991
1972 [YR1972],78.7224437148975,38.0177222720281,27168678557.165,1807000000.0,24.4663184738144,12.7847283254415,-654945341.770297,13.7313364111224,5.04505101847466,12.9223576802102,12.9223576802102,4.02748926158673,2878172457.50653,0.318578925860344,227666675.290404,89.6071544368723,64036134461.1337,981356.0,0.17676,71463193830.4064,5.01776384426691,122.981864109903,9.33421495863531,6670528128.43634,71072538512.5786,16.1359539181538,11531268024.9153,10.3928455631277,7427059369.27277,17.0524331666528,12186213366.6856,105.743108355026,75567402486.049,5.22200951825381,65672870824.897,80.2729394782369,57365606332.6973,3.70891033572639,2650505782.21613,22.4080025883951,16013474323.2673,6.44209746158236,15.102549377514,10792764134.9856,2448000000.0,2223000000.0,6.53623179938617,3.7179474612821,2497244705.68716,12.9223576802102,-390655317.827853,236214691.0,55.9526817432045,280088829.0,48.2008212346698,300998426.0,51.7991787653302,581087255.0,463004514.0,79.679,35.5216549183548,5790323005.50937,1367601418.5857,916317572.716268,7.73639959731312,118082741.0,20.321
1973 [YR1973],78.3406308388556,41.1620452004123,35199833920.0471,1325000000.0,24.0207351425579,12.6073037828579,2694373885.27718,13.171659546874,5.89972382756987,13.093863834094,13.093863834094,4.20876319232271,3599135190.13099,-0.514569634114367,-440035609.818136,87.9139401197207,75179842896.6336,981356.0,0.17676,85515269585.522,5.91241686952376,143.778687613061,8.40736153328719,7189577880.22002,85101941339.3056,19.0580369291081,16297531657.6351,12.0860598802793,10335426688.8885,15.9072851413438,13603157772.3579,106.971977048829,91477374554.2687,6.11972476457652,79128776460.1381,79.506578586435,67990265016.4149,4.72333282643708,4039170799.94913,21.3482302907461,18255996684.8696,16.9408159791735,15.0152853126864,12840361714.1791,2917000000.0,3211000000.0,7.16597167932858,3.15864376713433,2529921054.3991,13.093863834094,-413328246.216457,240844888.0,56.0724718568334,286636581.0,48.1928334411195,308133555.0,51.8071665588805,594770136.0,471932260.0,79.347,32.9477056143664,6386493125.38399,1629325093.4044,848791785.255795,8.9320960187598,122837876.0,20.653
1974 [YR1974],77.8268564762813,38.1996932775489,38018588193.949,1285000000.0,22.8354560374525,9.77660703757668,2626765762.10869,12.5328915596059,7.58697015632402,12.9137997938418,12.9137997938418,4.83132100338351,4808415667.78675,-1.18924824698671,-1183610010.53212,90.2385354738532,89810713779.2605,981356.0,0.17676,99525899115.7756,6.89786988110941,163.478112500121,8.64064088352269,8599675528.69126,99161036284.1391,19.2437065951725,19152472012.0472,9.76146452614684,9715185336.51513,16.6044279898589,16525706249.9386,109.482242069026,108963185791.308,7.49673349742943,91825363863.7819,81.5978945903305,81211038250.5692,6.02056925037022,5992025678.31887,22.675693396367,22568187733.4708,28.598734077509,16.3459133782338,16268417258.373,3926000000.0,5136000000.0,9.10516768048328,3.20282632441289,2895415720.35154,12.9137997938418,-364862831.636491,245375869.0,56.2344755097958,293362996.0,48.1868833032816,315439599.0,51.8131166967184,608802595.0,481008842.0,79.009,33.6105959520801,7700535251.99368,2324650346.59874,1027733777.72385,10.8518902537537,127793753.0,20.991
1975 [YR1975],77.1665825449187,35.2695013495212,34730864275.353,1089000000.0,24.2610088973281,11.5724521685599,1223827707.86099,12.6024938126848,8.02310184746566,14.9337333298857,14.9337333298857,5.64706215784259,5560820024.49904,-0.999853898271381,-984584094.113297,87.2222588057793,85890197379.1122,1465415.0,0.235180258,98472796457.114,6.78414597304856,158.036171003399,9.48765621556165,9342760393.70074,98178114597.9603,18.9575187533961,18667998855.351,12.7777411942207,12582599078.0017,17.7147108390358,17444171147.49,106.179777559175,104558196234.463,7.56798059934602,89887191072.3375,77.7346025902177,76547436985.4115,6.64691605611397,6545404118.61234,23.2012520766751,22846921732.9662,5.74843029767436,15.8384866598511,15596600730.4424,4355000000.0,6381000000.0,10.9025034184701,3.53459878110716,3323646800.51911,14.9337333298857,-294681859.153628,249728337.0,56.4440530919246,300231625.0,48.1833137030818,322871275.0,51.8166862969182,623102900.0,490182589.0,78.668,35.1392413946557,8585605384.7765,2064427967.54988,1089132799.80348,12.2939782139566,132920311.0,21.332
1976 [YR1976],76.9998407465221,33.4429712884776,34351671820.6672,1915000000.0,28.0306374166901,7.72169520991839,682279524.325198,12.1491425874196,7.41062245381336,17.8877016986059,17.8877016986059,6.68651286170258,6868196413.18819,0.571822650658715,587360012.530347,84.7892602418212,87093123892.0063,1613644.0,0.253068987,102717164465.894,7.18996404270484,161.092092236981,9.77975331556801,10045485297.5107,102456488498.428,19.1531791012955,19673602477.9249,15.2107397581788,15624040573.8876,18.4889478329647,18991322953.5997,103.942439343117,106766726369.931,7.59394109352956,93542576801.1993,75.0095069262532,77047638594.4956,6.11469021104386,6280836400.65784,24.4805234159193,25145699499.2415,-7.63394763392879,16.2658888325633,16707859783.9835,5549000000.0,5665000000.0,10.9173574429457,3.4778831428908,3294910612.34921,17.8877016986059,-260675967.465849,254937707.0,56.4972259535175,307224284.0,48.1822127323243,330405801.0,51.8177872676757,637630085.0,499411011.0,78.323,35.8037232153013,9174587664.69465,3728750637.4451,2791702339.02209,12.8012030727464,138219074.0,21.677
1977 [YR1977],76.6138996958549,34.9477259662017,42457056541.9936,2372000000.0,29.4811212298266,5.88549481813946,1000495092.4059,12.3566494818342,8.02625769777357,18.0417851882955,18.0417851882955,6.38317181382281,7754744525.54745,0.11824248992473,143649635.036496,85.4460385801968,103806104431.437,1726746.0,0.264672405,121487322474.298,7.59527880515657,186.213504179523,9.20977194148687,11188705337.7016,121215205685.977,19.61373131334,23828197009.8798,14.5539614198032,17681218042.8613,18.7901926329006,22827701917.4739,105.059769893537,127634301441.317,7.96137421063693,111446335241.383,76.2362666387109,92617399093.7366,6.26492932389808,7611094890.51095,24.4002625426169,29643225639.7244,8.30747009171164,16.0808689294252,19536217092.96,6378000000.0,6647000000.0,10.7212832867854,3.16277193712918,3477080944.50128,18.0417851882955,-272116788.321168,259824349.0,56.6206851576748,314349661.0,48.1829303010929,338059105.0,51.8170696989071,652408766.0,508709211.0,77.974,34.6614496121222,10040987232.9156,6085439869.41109,4872016471.72272,12.6481011377209,143699555.0,22.026
1978 [YR1978],76.0904353769291,33.160038281816,45528830485.1917,1184000000.0,32.9758132423724,5.44435526151215,5292433198.80144,13.0667474458664,8.22876409284699,19.6954206980837,19.6954206980837,6.31482523475021,8670273695.49852,-0.273361373478997,-375325973.044771,85.9883294126975,118062230214.082,1867828.0,0.279824501,137300295308.038,7.78214410654306,205.69338331283,9.43960862146001,12960610513.1876,137110195139.872,23.2471770334632,31918442717.7273,14.0116705873025,19238065093.9558,19.3925362354025,26626009518.9259,109.235506446161,149980672931.809,8.24770698926629,124976822546.47,76.5487207912375,105101619700.894,6.5881866082292,9045599668.54329,25.3244196150379,34770502916.4936,2.5230487569518,17.0964405201536,23473463321.3339,6671000000.0,7865000000.0,10.5870129174799,3.12633170169882,3975819129.87438,19.6954206980837,-190100168.165533,264544442.0,56.7890015236948,321629374.0,48.1841892345693,345870441.0,51.8158107654307,667499815.0,518120031.0,77.621,34.9393647309074,12323472761.5683,8316115827.7223,6426350817.3537,12.9030118429794,149379784.0,22.379
1979 [YR1979],75.53361999171,31.280959448738,47857257182.8996,1183000000.0,35.3948920767191,4.58310057195224,3177005020.37779,14.4430722352847,8.74517527238276,20.9567362384974,20.9567362384974,6.74963815734046,10326383041.9494,-1.41952821678359,-2171759694.91358,85.691548246477,131100916822.995,2016066.0,0.295180046,152991653792.864,9.00612309419659,224.001018807619,9.8947320247667,15138114163.0628,153181094632.843,22.4309011701982,34317406660.9293,14.308451753523,21890736969.869,20.3543140220659,31140401640.5515,108.122449416675,165418323483.925,9.27438631393287,138566651994.13,75.7968162217103,115962802659.933,8.16916637412405,12498142736.863,25.9922062251217,39765906161.0656,6.27568336762338,17.8520344897244,27312122801.5019,7806000000.0,9827000000.0,11.5254653197444,3.26132865787541,4589738351.59412,20.9567362384974,189440839.978208,269331987.0,56.9691435997674,329097301.0,48.1844132560622,353898047.0,51.8155867439378,682995348.0,527709526.0,77.264,35.521414729613,14425001798.7341,11815414018.5725,7432479364.91613,14.9188045314645,155285822.0,22.736
1980 [YR1980],75.0009158122922,33.0574847297758,61594472500.7475,1751000000.0,34.4665519998103,5.3472982524923,2611175687.50746,16.0510724221279,9.7374092846992,20.5434589535461,20.5434589535461,6.13955113205993,11439539833.7726,-3.10547458413088,-5786286235.55646,87.4980206554448,163030988932.962,2149470.0,0.307527184,186325345089.754,10.0425766324951,266.57785078817,9.65188060851665,17983899851.4697,186762452326.729,21.0776467693967,39272998079.8777,12.5019793445552,23294356156.7922,19.6762401672784,36661822392.3703,108.575667424841,202303987012.839,10.2170712529819,169451747878.765,77.8461400469288,145047089081.493,9.2450257161908,17225826069.329,25.3362458948906,47207847596.4436,11.3460734795095,16.7523757973252,31213922015.0986,8586000000.0,14864000000.0,12.585512716321,3.13378132972583,5420809519.08574,20.5434589535461,437107236.975471,274325590.0,57.1425581036766,336773402.0,48.1825645698037,362179435.0,51.8174354301963,698952837.0,537508711.0,76.902,33.8072587352145,16873597210.988,12009788667.4367,6943862180.06385,15.3845768482507,161444126.0,23.098
1981 [YR1981],74.8830987451288,31.715142387441,61365822478.0086,2106000000.0,34.4567940281971,8.22197482011565,1862891369.98189,16.8047994946957,11.0142316437707,21.2254624471453,21.2254624471453,5.93602662650719,11485654131.2966,-2.63521150843284,-5098886823.3028,85.7686060136673,165954198991.873,2295530.0,0.320880368,193490610032.1,11.12994485041,270.470600926091,9.62616589253244,18625727108.1629,193535405875.045,20.8300351493331,40304162080.3454,14.2313939863327,27536411040.2267,19.8672538703487,38441270710.3635,106.598641163,206258361072.218,11.5044376688084,175366835789.5,76.1424401211349,147328471883.71,8.57123813494003,16584540954.5994,26.1029192061902,50506697608.2436,13.112546897642,16.7704437519772,32449233920.7909,8295000000.0,15418000000.0,12.2553750779255,3.18624812218328,5879007035.84446,21.2254624471453,44795842.9457746,280243741.0,57.1810545374412,344660922.0,48.178382751295,370724075.0,51.821617248705,715384997.0,547863292.0,76.583,33.8716186353749,18123774242.6001,8108837891.29932,4692882371.82402,14.5072647614472,167521705.0,23.417
1982 [YR1982],74.7448052671687,30.5704700827392,61359563464.0861,2257000000.0,36.1051758724807,8.79306118612094,-65535335.815103,18.2038937927274,11.8833363334912,22.6878989177951,22.6878989177951,5.98329984870626,12009388988.7104,-2.1593280522919,-4334098438.97677,85.3194407047595,171249039431.681,2466364.0,0.336824767,200715145360.918,12.0310099483255,274.111333667661,10.1725727813013,20417894244.9342,200056669825.258,20.9818622096462,42113775233.519,14.6805592952405,29466105929.2377,21.0145131267942,42179310569.3342,106.301302914406,213362814665.2,12.5578092823825,181692473538.896,75.1468679234582,150831145186.746,8.14262790099815,16343487427.6871,26.1498047867777,52486618689.3772,7.89074279377489,16.3699959378028,32857061142.1372,9358000000.0,14786000000.0,12.0289876265118,3.34511766555139,6302107956.21001,22.6878989177951,-658475535.660501,286325512.0,57.2263077464337,352736215.0,48.1722463706813,379503283.0,51.8277536293187,732239498.0,559086824.0,76.353,34.8968372779453,19022671822.0223,8241561692.94602,4315146405.27743,14.1259277497044,173152674.0,23.647
1983 [YR1983],74.5543398002161,31.32414521668,68368791476.2066,2637000000.0,36.2359994531958,9.62659351091915,-1136920637.82293,17.929345684808,13.2936603505448,22.8926687644685,22.8926687644685,5.83762942419484,12741342694.5045,-2.01533503829422,-4398716071.41125,85.6358506502559,186910754483.325,2668240.0,0.356036416,218262273410.099,13.0600053384903,291.238110137317,10.0911209871836,22025110079.1905,217346843963.138,20.0481712130599,43757594266.7736,14.3641493497441,31351518926.7734,20.5690677564982,44894514904.5965,105.684021863316,230668348750.099,13.5580760269779,198431115643.681,75.5447296630723,164885644404.135,7.85296446248906,17140058765.9158,26.2988432861731,57400453236.9605,11.8680812986734,16.6644546923657,36372217662.9532,9148000000.0,14061000000.0,10.6335371832181,3.3230686597074,6830768697.58092,22.8926687644685,-915429446.960367,292449087.0,57.2887503767902,360959428.0,48.1645957427762,388469530.0,51.8354042572238,749428958.0,570472817.0,76.121,34.5216006299114,19831157766.4178,8215732398.97451,4937274460.15733,13.6905938866839,178956141.0,23.879
1984 [YR1984],74.2447335710508,30.1467925285446,63958902685.6631,2769000000.0,38.1562583037088,9.48361883310108,381741894.742709,19.3789001267168,14.3995476077688,24.2825746449059,24.2825746449059,6.28340139298242,13330753440.7915,-1.44257315837877,-3060537739.34112,84.9605257931656,180250751259.281,2897862.0,0.37789981,212158234164.06,14.0947799710496,276.66795828235,10.3559108944571,21970917685.2837,210960266670.706,21.0303610984954,44617642744.8933,15.0394742068344,31907482904.7793,20.8504284664923,44235900850.1506,105.990886891661,224868394004.174,14.688568551047,193322399019.772,74.6046148987085,158279833573.997,7.7259745513612,16391291180.1326,26.7391386539062,56729284398.8071,8.3189071186007,16.7078036006278,35446981086.6911,9451000000.0,15272000000.0,11.6530947278162,3.41687559436328,6956682449.43939,24.2825746449059,-1197967493.35397,298375131.0,57.3905436644968,369276873.0,48.1560750617842,397556538.0,51.8439249382158,766833411.0,581926871.0,75.887,35.4208160853508,18835835144.2887,8535944481.20133,5842300415.42095,14.0093759443436,184906540.0,24.113
1985 [YR1985],73.7878526232326,28.6352843497391,66580437366.9865,2981000000.0,39.5283397578444,9.68156411052227,1978013811.68659,21.0818577843934,15.1996475603979,24.5636651595182,24.5636651595182,5.25455499627934,12217464494.0919,-2.39092620157102,-5559187409.09017,83.9091083093468,195098643410.574,3165214.0,0.403540972,232511877842.041,15.1087282012713,296.435150039292,10.9301926339589,25413996144.9703,231344146134.325,22.6540129356146,52673270883.1764,16.0908916906532,37413234431.4666,21.8032977678371,50695257071.4899,106.563121244961,247771914293.751,15.7902039045498,209831010617.321,72.9789156753879,169684647265.604,7.64548119785037,17776651903.182,26.6290712212015,61915753548.3101,5.55642423236556,16.4180128626059,38173830011.1927,9140000000.0,15928000000.0,10.7813846899599,3.5690302776083,7567024020.30933,24.5636651595182,-1167731707.71569,303956111.0,57.5414210817337,377646920.0,48.1471408820367,406713092.0,51.8528591179633,784360012.0,593384036.0,75.652,36.1149997712222,22680867224.7204,9493102974.01812,6420353251.3181,12.9000361941297,190975976.0,24.348
1986 [YR1986],73.7513493876909,27.4687606025091,68393366637.7789,4133000000.0,41.6611461216028,9.89784383639805,-2045171366.30692,22.7738813575351,16.5265343439129,25.8010010959578,25.8010010959578,5.19622166028455,12937864153.5995,-1.8268285786263,-4548547295.97622,84.7093762827989,210914482586.368,3487908.0,0.434914672,248985994044.2,16.1345202621958,310.465932763137,11.5502571077319,28758522474.3472,247574348949.764,22.0795148209748,54974899457.1405,15.2906237172011,38071511457.8313,22.9009149861358,57020070823.4474,106.788891103774,265889382043.509,17.0381898011058,223910354064.298,73.159119175067,182155960112.021,7.02305023891085,17486411449.5757,26.7308358201425,66556037283.1048,8.72972072702585,16.2215838092511,40389471697.1767,9399000000.0,15421000000.0,9.96843219847699,4.10646868066223,9539363085.60916,25.8010010959578,-1411645094.43554,310441837.0,57.5535098437527,386054080.0,48.1379045051577,415921170.0,51.8620954948423,801975250.0,604809635.0,75.415,36.9884678354491,25075639979.9019,10480102587.5579,6395732658.12875,12.2192718991954,197165615.0,24.585
1987 [YR1987],73.4469631349609,26.8840702791725,75015584849.83,3835000000.0,42.6341664426095,10.3341142593927,-1099483473.73655,23.7641882043014,17.9810554239697,25.3823595128301,25.3823595128301,5.60458088400527,15638662913.9839,-1.37565226766817,-3838531827.11956,83.3786161972146,232654341141.533,3800986.0,0.463714651,279033584092.159,17.6395310975803,340.416834519435,11.9290134215451,33285953696.9719,277014075282.35,24.0495905947763,67106434596.095,16.6213838027854,46379242950.6258,24.44362326196,68205918069.8315,107.428206791991,299760775737.628,18.4188595983954,250269334523.387,71.4496027756695,199368387444.561,6.98023315167344,19477194741.1034,26.6992365166896,74499836577.7615,8.80112581251833,16.209549353962,45230086527.5475,11298000000.0,16675000000.0,10.0249581393619,4.2313175270108,10877406164.41,25.3823595128301,-2019508809.80838,316268764.0,57.6545118951493,394498850.0,48.1282746575061,425183245.0,51.8717253424939,819682095.0,616212409.0,75.177,37.452279491752,28764249568.7719,11511740598.8136,6453558243.13013,12.5848140356787,203469686.0,24.823
1988 [YR1988],72.9542654229901,27.9822289098659,82992211449.7807,3762000000.0,42.5039894447298,13.7235312877824,4583005166.07243,23.6099864837907,19.6683027001421,25.2751174407877,25.2751174407877,6.03521975491727,17899797605.808,-1.42001060648055,-4211595183.9853,81.7238869173422,242384054729.489,4174278.0,0.498439745,296588994812.059,19.091708205485,354.149248234039,11.6043602340104,34417255372.4219,293483314650.144,25.117216654838,74494900401.3512,18.2761130826578,54204940082.5699,23.5719788859934,69911895235.2788,106.84110357218,316878955130.841,20.2468331680343,267558923501.819,70.1195266833318,207966799357.068,7.45523036139782,22111392789.7933,26.7115838164859,79223617939.6962,9.38347186185335,16.1015348491643,47755380358.4498,13234000000.0,19102000000.0,10.9026297555277,3.72867178276269,11346419153.4156,25.2751174407877,-3105680161.91535,321598341.0,57.8187532282541,402975463.0,48.1182578499407,434493475.0,51.8817421500593,837468938.0,627574098.0,74.937,36.7964455047153,29030071310.2409,9185839446.54079,4899288503.72085,13.4904501163151,209894840.0,25.063
1989 [YR1989],72.3691796708143,26.917943145353,79688512801.3293,3580000000.0,42.8163359108404,15.7489200957438,4425924725.89883,23.9256972820432,21.0596935101847,26.5898140096385,26.5898140096385,7.0161302779135,20770717303.6297,-1.13587153477851,-3362660841.17534,79.7351528281004,236049824184.095,4588832.0,0.536495493,296042354986.126,20.7024391374289,346.112888485581,11.5637622994974,34233634236.4299,292602874479.116,26.0718444780734,77183702381.2086,20.2648471718996,59992530802.0309,24.5768135639643,72757777655.3096,105.806997306174,313233526565.303,21.8014568434656,267801009345.678,68.171390528603,201816189947.665,8.15200181269201,24133378144.8051,27.5509934819543,81562609926.0515,7.07428002942298,16.9028458964925,50039583051.6522,15872000000.0,20549000000.0,12.3026314939654,3.53417972767288,10589796924.594,26.5898140096385,-3439480507.00979,326660932.0,58.015011873516,411482898.0,48.1078237591619,443851777.0,51.8921762408381,855334675.0,638892235.0,74.695,37.2293979799252,28241345640.4471,8048455918.16027,3858554813.78295,15.1681320906055,216442440.0,25.305
1990 [YR1990],71.7330713075884,26.8964382499641,86331925636.2927,2721000000.0,42.1837730851491,24.0181556359403,8161683453.29771,24.3423680413848,22.9490075793463,24.9164565697498,24.9164565697498,7.05335023415339,22639774911.5525,-1.39956104190916,-4492297406.46851,78.3606254866432,251521172783.362,5074734.0,0.581113365,320979026419.633,22.9110382484705,367.55660889031,11.2854919029417,36224062036.729,316775332517.636,28.6249168198697,91879979321.8475,21.6393745133568,69457853636.271,26.0821701661904,83718295868.55,106.985542306513,343401152105.21,23.9826244354896,289602203565.216,67.0751335837014,215297110746.633,8.45291127606256,27132072318.021,27.4536954959324,88120604519.0545,8.9712325027326,16.5975964421887,53274803469.1969,17969000000.0,23580000000.0,12.9444594755798,3.14621461029962,10537035450.0528,24.9164565697498,-4203693901.99738,331545788.0,58.2299024622632,420020420.0,48.0969996581809,453257379.0,51.9030003418191,873277799.0,650181520.0,74.453,37.0447851943955,31376822854.4175,5637446363.83184,1520972172.8244,15.506261510216,223096279.0,25.547
1991 [YR1991],71.3090315218518,27.3332181443779,73828482315.4666,1884000000.0,43.4178555336728,15.3983902296385,-1654833175.62993,25.2468212566315,26.1320914258645,23.8217444526828,23.8217444526828,8.49424077053547,22943398073.2995,0.000754989935874379,2039268.14744724,78.0968001480887,210943629036.731,5809929.0,0.651868467,270105341879.226,26.0617227464292,303.055607722879,11.0787262464783,29924231403.9138,265995400854.861,23.9716716466915,64748765655.4616,21.9031998519112,59161712842.4951,24.584333789586,66403598831.0915,102.06847179478,275692394692.193,26.9671829991283,244573341067.598,67.0180739016105,181019397632.818,8.49348578059959,22941358805.152,26.4417201769254,71420498682.6328,13.8702461773682,15.6762601605127,42342416100.4299,17727000000.0,20448000000.0,14.1333746805605,2.90997432764267,8622473881.38455,23.8217444526828,-4109941024.36518,336594423.0,58.3740384818411,428576053.0,48.0858228473922,462697149.0,51.9141771526078,891273202.0,661520796.0,74.222,37.7856900237179,25532000811.6287,7615987475.11471,3626589137.30707,16.9877265511351,229752406.0,25.778
1992 [YR1992],70.8021575859561,26.669771971317,76864531185.5153,1185000000.0,44.1444293103205,13.3379621349693,699188601.0912,23.3995015061823,29.2124945523449,24.6982402507395,24.6982402507395,8.84292692502088,25486060890.6036,-0.74724519178629,-2153623638.36691,76.6593851383476,220938810649.23,6796748.0,0.747464595,288208430383.964,28.3981958983992,316.953927198178,10.9150464795678,31458084134.4425,283799332762.87,25.3320981378896,73009242426.5371,23.3406148616524,67269619734.7347,25.0894998917615,72310053829.2322,101.991483276237,293948053075.767,29.5683431973474,260425017041.948,65.7443386587798,189480726514.787,9.59017211680717,27639684528.9706,26.7927432696344,77218944834.2187,11.7878170418135,15.8007998170807,45539237140.9207,19628000000.0,23579000000.0,14.9915808994337,2.70483970561409,8083231409.70982,24.6982402507395,-4409097621.094,341378977.0,58.5472698035357,437144412.0,48.0744570696803,472162606.0,51.9255429303197,909307018.0,673032682.0,74.016,37.9125681820607,27783413342.0165,9538786025.16565,5757134860.50573,18.433099041828,236274336.0,25.984
1993 [YR1993],70.1952379725083,26.881800844094,75079800665.0874,737000000.0,44.8834588757366,8.54248049037485,2042951808.26609,23.7108907126756,31.0607370914259,23.8320553867162,23.8320553867162,9.83421745486326,27466578243.4169,0.016895123258149,47187407.3389172,76.4542220201817,213533601508.722,8025586.0,0.865381992,279296022987.919,31.1987643120061,301.159002272177,11.0026650353957,30730005866.5425,275444510280.797,24.399220991812,68146053870.1645,23.5457779798183,65762421479.1977,23.6677562948176,66103102061.8984,100.853443011994,281679655378.886,32.3278737820889,254898664589.996,65.451556984786,182803595642.179,9.81732233160511,27419390836.078,26.7815542820739,74799816004.1831,6.32689048779865,15.9157121078439,44451950947.4147,21572000000.0,22788000000.0,15.8827897101559,2.82354224568723,8253542581.48511,23.8320553867162,-3851512707.12243,345826028.0,58.7560504654358,445740103.0,48.0632138102388,481663763.0,51.9367861897613,927403866.0,684507519.0,73.809,38.4906849170226,24397358397.9238,14674627089.9414,10199123471.808,19.6515397864684,242896347.0,26.191
1994 [YR1994],69.4566978241426,26.3886188842791,86363506441.5546,884000000.0,46.0214654845461,6.21846598126493,12543549546.6228,21.9700218778359,34.2438214116532,23.6473414039551,23.6473414039551,9.88808491615672,32361287610.239,-0.301974544025848,-988288951.101514,75.2766533792801,246362106616.09,9795304.0,1.035880397,327275583539.559,34.3124149596469,346.102951420647,10.4358134716054,34153869436.2963,323108717813.725,27.1916060060129,88991487229.9563,24.7233466207199,80913476923.4689,23.3588882056315,76447937683.3335,102.468259385293,335353593846.046,35.8188827673438,297407251967.501,64.8408399076747,212208237179.793,10.1900594601826,33349576561.3405,27.628201246504,90420356850.9795,10.2479355556119,16.7641381308226,54864930893.0272,25022000000.0,26843000000.0,15.8475005801131,2.66467372708604,8880551226.0269,23.6473414039551,-4166865725.83342,349805826.0,59.0121260033812,454384941.0,48.0524600889414,491216887.0,51.9475399110586,945601828.0,695972401.0,73.601,37.4963023398337,29868331572.0578,24220928468.8194,19698471269.4689,20.0781443763393,249629427.0,26.399
1995 [YR1995],68.5869358924763,24.4568552670561,88113635729.2706,1479000000.0,43.5453088808636,6.86150800155763,9563755007.14239,20.0603409824975,37.7452131691142,22.5107747019848,22.5107747019848,10.8439680348823,39068859788.0594,-1.17951263610586,-4249571157.90354,74.240728396435,267475945977.85,11978000.0,1.242630907,360281952716.797,37.4220469520932,373.76648078334,10.5402675186561,37974681637.7883,356252331233.451,27.7914420885411,100127550244.754,25.759271603565,92806006738.9472,25.1369225013023,90563795240.5998,102.032170484976,367603496222.603,39.2284457391273,326727432293.752,63.7004608786084,229501264343.05,12.0234806709882,43318430945.9629,28.599809423728,103039951865.09,10.2248861637545,17.865850596559,64367435398.7484,30630000000.0,34707000000.0,18.1349633272802,2.57848357246069,9754464629.8929,22.5107747019848,-4029621483.34539,353275738.0,59.3165771938524,463091988.0,48.0424460144354,500830598.0,51.9575539855646,963922586.0,707451704.0,73.393,37.849668118334,33554520423.0445,22864636916.1009,17921806913.0466,22.8674487058705,256470882.0,26.607
1996 [YR1996],67.8836178107714,25.4170307460273,99862765103.885,844000000.0,44.6894365497978,7.05455853235755,5959380515.36867,20.8332570127979,41.1336584557082,23.4024420368578,23.4024420368578,10.3851692716063,40803024157.2021,-1.15914932817409,-4554263565.89147,74.8861078469264,294225311846.494,14542651.0,1.480371084,392897054348.071,40.2567738524898,399.950074728286,10.3308896774711,40589761230.7328,389212066967.505,26.0415662523599,102316546711.623,25.1138921530736,98671742501.5774,24.5247871242351,96357166196.2547,100.927674099286,396541858558.117,42.4333611371075,358403958082.635,64.5552181694553,253635550615.761,11.5443185997804,45357287723.0936,27.9122703698412,109666488084.776,8.97715233826453,17.5963408006414,69135504678.7678,33105000000.0,37942000000.0,18.0828538197843,2.4727682254674,9904672736.30381,23.4024420368578,-3684987380.56607,356859181.0,59.565073293213,471862701.0,48.0333258898018,510502547.0,51.9666741101982,982365248.0,718924359.0,73.183,37.709329473598,34493096265.4363,24889364657.4122,20170156505.5965,21.9294878713867,263440889.0,26.817
1997 [YR1997],67.0641950369016,24.3453570949732,101244489721.004,1666000000.0,47.4599823028054,6.95325591681716,11514495410.1775,21.1581493195499,44.0805774514448,23.5553253456166,23.5553253456166,10.6907173181022,44459245982.728,-1.2379522302579,-5148244133.88126,74.9405585238924,311653617466.353,17801696.0,1.778568835,415867753863.874,42.8639117289343,415.493797812017,11.0287262031216,45864915940.7185,412314039081.443,28.1188398959908,116937187888.036,25.0594414761076,104214136397.521,25.3500521489519,105422692475.167,103.059398419883,428590805354.389,45.0430150397141,380773981737.593,63.9118323214179,265788701528.326,11.9286695483601,49607490116.6092,27.83703076259,115765234574.779,7.16425211462719,16.5185785300058,68695441502.9751,35008000000.0,41432000000.0,18.3808432584126,2.64773242601716,11464883389.8324,23.5553253456166,-3553714782.43084,359978013.0,59.8572302970158,480682702.0,48.0250463136165,520217326.0,51.9749536863836,1000900028.0,730376768.0,72.972,39.0795515236046,35093772126.2813,28385372945.8609,24688314294.5037,22.6193868664624,270523260.0,27.028
1998 [YR1998],66.1515951110631,24.3788210472195,102720522680.697,753000000.0,48.9013068505819,6.72331101119778,4878402829.61899,21.4886129199876,49.9128076740881,23.6777468577409,23.6777468577409,11.018469179248,46426482685.1663,-1.66253172043498,-7005101968.03781,75.7186237573809,319041539947.982,21593686.0,2.118100419,421351477504.743,46.2973828654213,413.29893221522,11.9098898139167,50182496700.1251,417792938008.473,26.6165666913164,112149297014.897,24.2813762426191,102309937556.761,25.4587677775665,107270894185.278,102.335190448697,431190836962.879,48.1792142815506,387763650365.411,63.8087339434642,268859043247.857,12.681000899683,53431584653.2041,27.3030378516024,115041753391.406,13.2308389767978,15.7193160164052,66233570288.7628,33437000000.0,42980000000.0,18.1361651921916,2.72731141679376,11920610818.3832,23.6777468577409,-3558539496.26981,362650374.0,60.1860005825832,489529547.0,48.0174034896134,529954039.0,51.9825965103866,1019483586.0,741776257.0,72.76,40.1325687269389,33587827141.7092,30646563663.4809,27340724583.4008,23.699470078931,277707329.0,27.24
1999 [YR1999],65.1808233261719,22.9889609802859,105478046711.373,1211000000.0,51.0649259553469,6.50727345388921,4361293839.50782,22.1180201226421,52.2436461392705,25.4228622073471,25.4228622073471,11.4520646128009,52544410650.2485,-1.91146881869106,-8770209211.20039,76.1849761478132,349552225510.105,26511345.0,2.55393639,458820417337.807,47.7179696875031,441.998760444983,12.1754896050679,55863632218.8941,455259488556.383,29.2862926878729,134371490333.27,23.8150238521868,109268191827.702,27.5350924245587,126336625976.711,105.471268835686,483923715843.375,50.8702478230162,419115138188.775,64.0094865427452,293688593291.211,13.363533431492,61314619861.4489,26.5192933488596,121675932418.275,4.66982038037591,15.1805367132738,69651401901.962,35667000000.0,46979000000.0,18.0127119188665,2.95719564743412,13895562461.387,25.4228622073471,-3560928781.42437,364939727.0,60.5397151756496,498372774.0,48.0101015612272,539685380.0,51.9898984387728,1038058154.0,753080049.0,72.547,41.9657377868543,39705279149.0324,36005295926.4425,32666742041.8314,24.8155980442929,284978105.0,27.453
2000 [YR2000],64.180372675695,21.6089574707079,101215262787.974,983000000.0,54.6451291823787,6.23382534170455,-226779072.134485,22.762084018128,54.3383216485078,28.339551157121,28.339551157121,12.9972363111656,60878396865.5263,-0.906450287738938,-4245767256.56937,75.6868166066933,354513217160.806,32436134.0,3.069930402,468394937262.37,49.4572754441087,443.314193811316,11.9478354689464,55963056448.9827,463418960201.815,26.6791832811369,124963943791.794,24.3131833933067,113881720101.564,26.0217848447813,121884722798.262,102.36599988783,479477160952.6,52.6669030828513,428039125050.618,63.7389811382142,298550160714.012,13.9036865989046,65124164122.0956,27.3258283772087,127992796683.849,4.0094359104519,15.927023018209,74601369473.9031,42379000000.0,51523000000.0,20.0476120747226,2.94892990622572,14287514240.7035,28.339551157121,-4975977060.55532,366904765.0,60.9086204587155,507187684.0,48.0029738488705,549387864.0,51.9970261511295,1056575548.0,764252791.0,72.333,42.7329266429546,40355812211.7521,41059061574.6633,37902244645.7003,26.9009229100702,292322757.0,27.667
2001 [YR2001],63.4281013029749,21.6205046124833,104954796939.212,1193000000.0,57.7390677682671,5.71425708209037,-18944216962.0243,24.3346176453819,56.3919261013738,28.6194154254102,28.6194154254102,12.5583796339108,60963525504.4702,-0.876495485614968,-4254868577.75467,75.9083073161074,368490057154.419,38536187.0,3.584761298,485441014538.638,51.0476315150842,451.572997293746,11.7614498890899,57094901666.0516,481233322101.917,26.6583979675763,129410797553.55,24.0916926838926,116950957384.219,29.9323096392457,145303707587.601,102.566705283684,497900854707.969,54.2798325278429,445781166605.163,64.1468574274494,311395155490.464,13.4348751195257,65218394082.2249,26.4877773440307,128582535067.598,3.77929312235641,15.3070212831531,74306559412.5836,43361000000.0,50392000000.0,19.3129540339937,2.9244355462896,14600642346.0997,28.6194154254102,-4207692436.72107,369374970.0,61.188987161801,515957249.0,47.9960189659295,559042845.0,52.0039810340705,1075000094.0,774881568.0,72.082,43.8089612629881,39659847933.4753,49050841138.7213,45870471083.9043,25.9932547534365,300118526.0,27.918
2002 [YR2002],62.6032527994971,19.5366997010537,100601880717.513,2022000000.0,62.619524516526,4.50302064885857,-8711593020.30116,25.2193607992573,58.815172903837,32.306489073813,32.306489073813,14.2643839244292,73452725999.4092,-0.979895086439782,-5045851659.19171,74.3437418243236,382824139263.44,41420000.0,3.788470575,514937948870.08,52.9444000775921,470.986786810734,11.3140950693332,58260569083.2354,511490036313.605,27.2151205284732,140140983431.84,25.6562581756764,132113809606.64,28.3325248095209,145894922117.254,101.558862352797,522965122695.28,55.8369180099571,473263315962.244,63.0296467549904,324563570180.205,15.244279010869,78498577658.6009,27.6606541610101,142435205180.752,4.2971520392956,15.5587017264204,80117659540.843,49250000000.0,56517000000.0,20.539756339979,2.82686683045838,14749667251.5907,32.306489073813,-3447912556.47532,371381358.0,61.4993846950302,524676537.0,47.9894163595546,568640650.0,52.0105836404454,1093317187.0,784520681.0,71.756,44.7288275541304,41674632907.836,71607865093.6969,67665482492.0604,29.5086629352982,308796506.0,28.244
2003 [YR2003],61.7315764808457,19.5806067890042,118991207540.395,2741000000.0,63.17925360411,3.70108160697261,1618537898.91736,24.7904939967867,61.0535954523922,31.6262656187623,31.6262656187623,14.9479138582269,90838365703.7158,-0.696608416563667,-4233284369.72961,72.3799675241435,439852545441.488,42000000.0,3.778598784,607699285433.872,54.9921825705277,546.726613494985,10.8762099129509,66094649923.2904,603192892963.386,29.5037700208993,179294199593.058,27.6200324758565,167846739992.383,28.3348257063448,172190533346.39,101.883737545043,619146745034.547,58.112041208505,558503852715.304,61.5037576111926,373757895518.198,15.6445222747906,95071650073.4454,27.4741071212972,166959952655.459,3.80585899528851,15.5873866487019,94724437281.9759,58963000000.0,72558000000.0,21.642447696166,2.67777693222748,16333986643.282,31.6262656187623,-4506392470.48583,373029803.0,61.8308447925579,533346647.0,47.983404476941,578176499.0,52.016595523059,1111523146.0,793938753.0,71.428,44.7046456533001,49195432718.5681,103737208055.967,98937910782.3485,30.5924361330175,317584393.0,28.572
2004 [YR2004],60.8392022546978,17.8146906484855,126332614150.78,2213000000.0,64.6357080581913,3.48217870667525,28771400540.3745,22.1425279945357,63.353638086215,36.1918038545968,36.1918038545968,17.8591249630479,126647719432.562,-1.78556413335122,-12662301532.5449,68.7562502876863,487583927750.502,46198025.0,4.08968358,709148514804.659,58.1407122654912,627.774241726543,10.4047023481415,73784792171.6913,704168745465.35,36.0869752927918,255910249326.757,31.2437497123137,221564587054.158,30.7081414238993,217766328831.696,104.843225580478,743494177077.259,61.1574575006014,646379339766.045,58.3515479395448,413799135578.811,19.6446890963991,139310020965.107,29.219106305293,207206858403.18,3.76725173477513,15.8272457405027,112238678103.259,76649000000.0,99775000000.0,24.8782866094837,2.82875224798105,20238566526.5411,36.1918038545968,-4979769339.3098,374453957.0,62.1738969981162,541973982.0,47.9782864213269,587649484.0,52.0217135786731,1129623466.0,803128396.0,71.097,44.1148589722471,62769175038.6141,131631143125.845,126593287643.343,37.503814059447,326495070.0,28.903
2005 [YR2005],59.9417432429456,17.6202069547056,144552934947.689,1198000000.0,65.5481218955356,3.90165353397286,34057805389.6679,19.0851144286301,66.0438512553292,40.0679804782779,40.0679804782779,19.6052466949414,160837835640.201,-2.79117622521752,-22898296050.0163,67.7448701330921,555766446476.004,50176509.0,4.372261674,820381595512.902,61.4093268652925,714.8610153644,10.3661401973026,85041906343.7353,814482820622.222,38.0757925089956,312366794089.48,32.2551298669079,264615149036.898,32.7553370372876,268718756602.129,105.820662642088,868133240565.484,63.7895442605464,751444143042.355,57.3787299357895,470724540132.268,22.396422920159,183736131690.217,29.5337641916264,242289565890.282,4.24634362031925,15.9730170447011,131039692082.867,99616000000.0,142870000000.0,29.5577084281612,2.75490766621496,23072312925.1701,40.0679804782779,-5898774890.67977,375719593.0,62.522764845341,550557711.0,47.9742898249806,597052213.0,52.0257101750194,1147609924.0,812106163.0,70.765,44.4429329227498,68937452470.5468,137824828256.285,131924326287.054,42.0016696151004,335503761.0,29.235
2006 [YR2006],59.2142970399348,16.8094420943591,158052441543.0,1484000000.0,68.0630217871644,3.59432770309611,38681725906.3636,17.654917483278,69.8720985315016,43.6277524332218,43.6277524332218,21.2679414220966,199973922363.783,-3.18859765485714,-29981104763.5886,65.9124158730268,619748008187.936,40770000.0,3.498110644,940259888792.141,66.5682864748071,806.753280628799,9.80247046778886,92168697919.314,932915277249.472,38.8973024622183,365735732874.396,34.0875841269732,320511880604.206,33.584891577012,315785264192.975,104.809718335245,985483741062.332,68.7855613372513,862969752565.222,56.109945405238,527579310268.622,24.4565390769537,229955027127.372,30.9272399436779,290796431900.905,5.79652337561635,17.3036533311112,162699311568.084,121808000000.0,178410000000.0,31.929257387089,2.52680863026345,23951927958.1522,43.6277524332218,-7344611542.66898,377329653.0,62.8084298076055,559099816.0,47.9713764389529,606386475.0,52.0286235610471,1165486291.0,820863650.0,70.431,44.04323571149,77290136226.9196,178049790065.97,170737998444.448,45.7244804990503,344622641.0,29.569
2007 [YR2007],58.4720498786624,16.750119759587,203804643612.754,2275000000.0,72.2804239220528,3.1797945490648,60784925719.1256,16.220405583744,74.3249644718144,45.627764745807,45.627764745807,20.7996997489457,253077318576.18,-4.08686918154988,-49726385780.6745,65.6226268040799,798453757984.834,39250000.0,3.31724863,1216735441524.86,71.1910667119571,1028.33477194577,9.86211572844655,119995857352.207,1211640646849.16,41.9308268663087,510187231406.806,34.3773731959201,418281683540.028,35.8128781222079,435747980743.008,107.553453670389,1308640989391.64,73.0781085012573,1115278150615.86,55.7605110756333,678457900632.627,24.8865689304956,302803704356.854,30.90323825115,376010652380.609,6.37288135593231,16.8645677754413,205197173183.775,150159000000.0,229370000000.0,31.1924011619452,2.4782482091706,28254773450.0647,45.627764745807,-5094794675.70112,378748574.0,63.10261028742,567579951.0,47.9695239863407,615629520.0,52.0304760136593,1183209471.0,829358847.0,70.094,44.0081579239144,101457290909.001,276578100117.408,266988346673.262,45.6862686794412,353850624.0,29.906
2008 [YR2008],57.7057029109493,16.7909423598037,201305866150.943,1858000000.0,77.3729561105341,3.60349285542945,21451053153.0474,19.4857517692783,80.5305542396969,49.559366687116,49.559366687116,24.0973572601391,288902151603.701,-5.17350591894442,-62024933903.8475,67.2152971379759,805841227907.796,37900000.0,3.156571532,1198895582137.51,77.7363517620673,998.522341514181,10.5384811563533,126345385007.914,1191737412305.19,37.8505499934364,453788571686.061,32.7847028620241,393054354229.719,34.7179593535669,416232080898.212,105.065847131412,1259629799593.86,79.1070634009773,1124686481358.28,56.6768159816226,679495842899.882,29.2708631790835,350927085507.549,31.1367192407735,373296751400.195,8.34926704907581,17.0986741489578,204995248975.944,194828000000.0,321032000000.0,43.0279340157607,2.63146214095939,33002376727.3797,49.559366687116,-7158169832.3245,379864848.0,63.4092478376017,575948779.0,47.9689584287207,624720983.0,52.0310415712793,1200669762.0,837515186.0,69.754,45.8825499070063,74209100779.2388,257422725614.879,247418901857.103,53.3682204392226,363154576.0,30.246
2009 [YR2009],56.8825138062336,16.744270156395,224689117965.083,1863000000.0,79.0751963452197,3.72730329430614,57520566517.7885,23.1559644186145,89.2941733775462,48.1244479114314,48.1244479114314,20.4005193744525,273751836387.128,-5.47183089419678,-73425765697.0262,67.4195558851381,904693988089.04,37060000.0,3.043377037,1341886602798.69,83.2092750019286,1101.96083821252,11.459667419745,153775741830.844,1333877109441.3,40.1122358307654,538260718696.055,32.5804441148619,437192614709.645,33.9516269304415,455592333211.786,107.531791715903,1442954706785.09,84.8929300736051,1259367622700.17,55.9598884653931,750918246258.197,25.8723502686493,347177602084.154,31.1213721113498,417613522969.33,10.8823529411764,17.1435776668942,230047371952.44,164909000000.0,257202000000.0,31.4565328485753,3.12938717929943,38722154392.1843,48.1244479114314,-8009493357.38992,380433170.0,63.7419669083826,584142641.0,47.9699486506169,633583576.0,52.0300513493831,1217726217.0,845260299.0,69.413,45.9848828119145,82518980098.5168,284682887897.586,265181731677.225,46.2728696431018,372465918.0,30.587
2010 [YR2010],55.9862600938871,17.0265090139755,285298796155.585,2911000000.0,77.6799524436717,4.33179068386005,80469468206.1007,22.8378948527968,100.0,50.5553749785886,50.5553749785886,22.4009332488238,375353472834.938,-4.45333999983298,-74620847983.6356,65.732465629516,1101423274556.54,35090000.0,2.842950282,1675615335600.56,91.9679089638397,1357.5637268318,11.0076078674643,184445165510.006,1657660320258.9,40.2202988006515,673937494728.086,34.267534370484,574192061044.023,33.230014655602,556807221591.583,105.952764430168,1775360769284.63,91.8380701752229,1554725332690.26,54.7248577620517,916978109046.534,26.8542732486568,449974320818.573,30.725078228098,514834122665.28,11.9893899204244,17.0299342494917,285356189927.177,226351000000.0,350233000000.0,34.4102842549686,2.88946132772858,46090445656.5003,50.5553749785886,-17955015341.6648,380285233.0,64.1082105303446,592116982.0,47.9726175647712,642164181.0,52.0273824352288,1234281163.0,852517999.0,69.07,45.0337495626191,120890002910.307,300480168786.346,275276605505.686,49.2552064974806,381763164.0,30.93
2011 [YR2011],55.2086374217727,17.1919735574898,313418261522.406,3598000000.0,78.837311286536,4.81102674416145,43400809202.55,24.8190674818276,108.858360966367,51.2892331325282,51.2892331325282,24.5404113195634,447383950836.263,-6.54305737438508,-119283202737.811,67.291674407661,1226760821685.46,32835261.0,2.62621592,1823049927772.05,100.0,1458.10406619626,11.0844615855558,202075268929.395,1807018710051.4,39.5904218550918,721753157033.899,32.708325592339,596289106086.581,34.3134162339533,625550709869.207,106.882096262753,1948513978719.36,100.0,1691713738829.71,56.2072185843179,1024685657804.08,31.0834686939485,566667153574.074,30.1616797630696,549862481135.476,8.85836096636667,16.1393374446863,294228179628.24,302905000000.0,464462000000.0,42.0924840461063,2.70448355847068,49633815793.7027,51.2892331325282,-16031217720.6473,380043059.0,64.4294040032985,599851346.0,47.9770561075532,650436593.0,52.0229438924468,1250287939.0,859247883.0,68.724,45.4421452507481,131336188942.333,298739463090.872,271285421552.138,55.6238800135119,391040056.0,31.276
2012 [YR2012],54.3078443292764,16.8453770659702,307872488771.924,4392000000.0,76.9131885205522,4.67901183633826,39428033968.5825,25.2532528630264,118.995736617717,51.8885076473311,51.8885076473311,24.5344306614108,448400543291.471,-6.7248604059132,-122906094752.532,67.1448100211325,1227163968391.32,30940618.0,2.444390965,1827637859136.23,107.934386248432,1443.88243476181,10.6838562317823,195262201307.739,1806177662220.65,38.3474244122572,700852046562.064,32.8551899788676,600473890744.918,33.4369343256095,611106070669.359,105.49223443339,1928016014953.38,107.474288770509,1691388408217.18,56.460953789355,1031901767083.67,31.259291067324,571306638044.004,29.3985276965777,537298622211.307,9.3124456048738,15.8169230071711,289076073029.488,296828000000.0,489694000000.0,43.0348931583044,2.61816761903533,47216920048.2061,51.8885076473311,-21460196915.5895,378832737.0,64.805519437056,607359892.0,47.9830440835851,658420351.0,52.016955916415,1265780243.0,865363321.0,68.366,46.3011472980693,136249450919.056,300425517446.546,270586506917.185,55.7937217287347,400416922.0,31.634
2013 [YR2013],53.3542663643901,17.148423543466,318398573401.943,5381000000.0,78.1821717320646,4.86971588034972,23903597701.8904,25.4656320192494,132.161037923262,52.3857095169752,52.3857095169752,25.4308613005206,472180427427.899,-2.98240934563983,-55375054071.0292,67.9409262328044,1261474206844.74,29032974.0,2.266709802,1856722121394.42,114.611751371953,1449.61045069632,10.2951601419889,191152515789.289,1833601556952.89,34.0232018898681,631716315895.864,32.0590737671956,595247914549.675,31.2958050317061,581076135092.154,101.964128122673,1893190522740.61,114.419016321373,1712863994624.85,57.6457660908491,1070321691056.08,28.4132706461605,527555481498.928,28.4048995601475,527400053693.125,11.0636747834422,15.2530226927638,283206246517.857,314848000000.0,465397000000.0,42.0227125539942,2.54882567900998,47403528801.4226,52.3857095169752,-23120564441.5293,376920173.0,65.2084890633965,614676458.0,47.9900253811063,666165661.0,52.0099746188937,1280842119.0,870934216.0,67.997,46.6987147693703,143858126769.573,298092478740.581,276493267092.374,53.8441319466811,409907903.0,32.003
2014 [YR2014],52.4483667977637,16.7919345145807,342408945451.421,3347000000.0,77.8993537588478,4.88637272353193,51141520554.8905,23.9797339670354,140.949086340153,51.8821873589436,51.8821873589436,22.9679630081088,468346037554.217,-2.98625973083132,-60893641789.1652,68.5685739094064,1398200610122.73,27000105.0,2.083983399,2039127446299.3,118.430336326022,1573.88564183014,10.4408568080814,212902376802.396,2015015376660.14,34.2677999194413,698764113400.258,31.4314260905936,640926836176.574,30.0802370476387,613374369550.292,102.836373828848,2096964723522.99,119.742829587849,1881518177418.49,58.1277171012856,1185298233319.53,25.9542227389401,529239679343.382,27.6564012029694,563949267588.398,6.64950015146925,15.0655701110863,307206175076.625,322694000000.0,462910000000.0,38.5264786379953,2.54398250277129,50914096277.083,51.8821873589436,-24112069639.147,374758022.0,65.5959799011296,621852998.0,47.9972699429582,673747770.0,52.0027300570418,1295600768.0,876033415.0,67.616,47.8224137558655,157609268880.809,325081035127.891,303454874927.27,48.9221857470489,419567353.0,32.384
2015 [YR2015],51.6434416967877,16.17450810661,340244981474.714,3117000000.0,78.0119105841837,4.64466604112688,40092140789.8455,23.696514446151,147.865420572581,51.8675240772184,51.8675240772184,19.8131891564097,416787832621.795,-2.29653555305622,-48309642033.9553,69.4355717870114,1460638226562.39,25520000.0,1.947864992,2103587813812.2,121.130060189743,1605.60544457045,10.4282907091832,219368252547.288,2079182325743.56,32.1167347042775,675603717433.575,30.5644282129887,642949587249.807,28.7331441287654,604426918417.804,101.552306491289,2136241943995.97,122.33834652181,1920694478444.49,59.0072810778065,1241269974014.65,22.1097247094659,465097474655.75,27.3473914779493,575276394525.657,4.90697344127253,15.5838545863531,327820066000.738,267951000000.0,394131000000.0,31.4739415988606,2.45745060051391,51295483753.9436,51.8675240772184,-24405488068.6432,372623066.0,65.9441640546302,628929060.0,48.0042675829424,681223332.0,51.9957324170576,1310152392.0,880723742.0,67.223,47.7837481204318,182893335367.713,353319061013.224,334310993025.188,41.9229138658757,429428650.0,32.777
2016 [YR2016],50.8881370260245,16.3638005613987,375516164817.583,3003000000.0,74.5492653519452,4.72983658259745,20587322097.1493,25.2245942875245,155.182121475482,49.1012254191341,49.1012254191341,19.1582349105904,439642787829.497,-1.76601589208638,-40526497027.0754,69.603829307514,1597267269306.12,24404000.0,1.842482612,2294797980509.51,125.052221196656,1732.55424231697,10.3085480747098,236560353038.293,2247940124045.8,30.1726901923521,692402285199.487,30.396170692486,697530711203.393,28.1884389751611,646867728339.153,99.7765194998661,2289669554505.61,126.256805237849,2082120734380.25,59.2952812327831,1360706916267.34,20.9242508026768,480169284856.572,26.6189999400099,610852273055.177,4.94821634062141,15.1622371331448,347942711531.471,264542000000.0,361649000000.0,27.2874128929191,2.54315118788674,56637622640.8741,49.1012254191341,-46857856463.7068,369969885.0,66.2742624652675,635912563.0,48.0108932518621,688604687.0,51.9891067481379,1324517250.0,885015936.0,66.818,47.7494012899643,212677246129.266,361694321972.036,341145194692.363,40.0824857132672,439501314.0,33.182
2017 [YR2017],50.2896371909076,16.5583314047008,439039677566.764,2909000000.0,74.1441893624663,4.76453565119789,36860006312.9413,23.2122743043379,160.346851524588,48.794021399068,48.794021399068,18.7917648392972,498258560860.385,-3.1589672759259,-83759162706.0161,69.4923486310429,1842570823752.73,23234687.0,1.735645771,2651472946375.05,130.015866407521,1980.66701982813,10.7671989547942,285489367368.746,2622799774506.27,30.9821728344717,821483930905.176,30.5076513689571,808902122622.314,28.1778165440734,747127182545.298,100.474521465515,2664054754657.91,130.307552425335,2405661200548.6,58.7251496762386,1557081456383.72,21.9507321152231,582017723566.401,26.5000166467125,702640772172.465,3.32817337461301,15.0182387501463,398204537482.142,299241000000.0,449925000000.0,28.2547103120256,2.53146258766694,64559435280.6927,48.794021399068,-28673171868.778,367850970.0,66.538187109893,642796257.0,48.0172859560747,695880522.0,51.9827140439253,1338676779.0,888881381.0,66.4,47.6708899684387,245811745826.454,412613792019.924,389350147912.134,40.7424969545204,449795398.0,33.6
2018 [YR2018],49.7751668865187,15.9701574808791,431371805443.68,1485000000.0,74.1476948535112,5.01747720484829,45480569245.5547,22.1075583699012,166.672644918068,50.3720419689919,50.3720419689919,19.9412406764114,538635201541.984,-3.71617580351673,-100378062497.408,70.2055893983676,1896331447405.64,21868192.0,1.616701793,2701111782774.57,134.874886547529,1996.91508739755,10.7885428293274,291410601552.644,2672176417221.77,32.0699517172622,866245244565.085,29.7944106016324,804780335368.928,29.1890797703444,788429672960.24,102.27554111563,2762576691970.73,135.517760080389,2454305061698.33,59.4170465690446,1604920845853.12,23.6574164799281,639013264039.392,26.3828986910504,712631585181.441,3.94506866416979,14.8532644152719,401203275247.571,324778000000.0,514464000000.0,31.0702431995589,2.43392206663758,66257801718.275,50.3720419689919,-28935365552.8052,365934400.0,66.7667424975064,649586703.0,48.0235396426684,703055580.0,51.9764603573316,1352642283.0,892338114.0,65.97,48.5097166074065,246806721076.241,399167159226.682,374425187183.508,43.5986571563396,460304169.0,34.03
2019 [YR2019],49.2452418099917,16.6774623971688,478727241339.248,3075000000.0,76.0459639203596,4.70991212068809,27425846042.8509,23.7338192943164,172.878328310405,50.1255537826717,50.1255537826717,18.4293865080003,529016294712.047,-2.52799802647215,-72566286914.8201,71.7115897172649,2058484120655.32,21004534.0,1.537197094,2870504096717.48,139.684526920402,2100.75146060783,11.2280202733883,322300781927.88,2843265469943.79,30.6640964778081,880214145616.881,28.2884102827351,812019976062.161,28.7519482203725,825325851551.881,102.375686195073,2938698266272.2,139.671580023796,2603966776645.51,60.4835694438844,1736183338727.66,20.9573845344725,601582581626.867,24.1775949697002,694018854093.004,3.72327648330532,13.3274418815293,382564765196.941,324340000000.0,486059000000.0,28.2319401991699,2.5191207637745,71468900524.3041,50.1255537826717,-27238626773.6859,363716695.0,67.0038111931616,656288184.0,48.0298342961521,710129572.0,51.9701657038479,1366417756.0,895386227.0,65.528,49.8595589133602,266537320071.971,463469902152.507,432378384523.969,39.3867710424728,471031529.0,34.472
2020 [YR2020],48.6646203053887,18.3189877325451,480504068092.914,2799000000.0,88.8760753324799,3.94967288181554,25813012076.9292,29.4686815991774,184.328815085944,55.2509137556869,55.2509137556869,18.0765867880475,474145930752.511,-0.316709789717075,-8307246261.95071,71.6508116047652,1879389132243.58,20052162.0,1.4530506,2622983732006.45,146.068552702018,1900.70680971528,12.600803850753,330517035107.294,2598299250058.05,28.4202979749923,745459792471.806,28.3491883952348,743594599762.867,26.7008760035504,700359633876.341,100.071109579758,2624848924715.39,144.525544359869,2381252297207.59,59.0500077540103,1548872097136.24,18.3932965777645,482453177014.462,23.1987388080869,608499144966.785,6.62343677628531,12.9616850273353,339982889660.921,276227000000.0,371920000000.0,24.7102943144905,2.88267039974077,72887446604.3041,55.2509137556869,-24684481948.3814,361017585.0,67.2654998846254,662903415.0,48.0363267106575,717100970.0,51.9636732893425,1380004385.0,898024053.0,65.074,49.2663781471261,241731434798.846,590227359928.896,549086868074.865,36.469883365812,481980332.0,34.926
